Keyword,searchVol,cpc,zapierRank,zapierRankingURL,kwLen
add google calendar to notion,170,6.8,6,https://zapier.com/apps/google-calendar/integrations/notion,29
adobe creative cloud ftp,10,0,6,https://zapier.com/apps/brick-ftp/integrations/creative-cloud-libraries,24
agent legend login,40,0,6,https://zapier.com/blog/updates/1398/Agentlegend-integrations,18
airtable google calendar automation,20,28.22,6,https://zapier.com/apps/airtable/integrations/google-calendar,35
airtable to excel,50,31.14,6,https://zapier.com/apps/airtable/integrations/excel,17
always on video conferencing software,10,0,6,https://zapier.com/blog/best-video-conferencing-apps/,37
app building websites,140,20.08,6,https://zapier.com/apps/categories/cms,21
app for schedules,12100,17.56,6,https://zapier.com/blog/best-appointment-scheduling-apps/,17
apple mac mail,70,0,6,https://zapier.com/blog/gmail-vs-apple-mail/,14
appointlet api,10,0,6,https://zapier.com/apps/appointlet/integrations/mocean-api,14
appointment program,50,21.28,6,https://zapier.com/blog/best-appointment-scheduling-apps/,19
appointment software,480,23.63,6,https://zapier.com/blog/best-appointment-scheduling-apps/,20
appointment solutions,20,22.07,6,https://zapier.com/blog/best-appointment-scheduling-apps/,21
appointment system,260,12.88,6,https://zapier.com/blog/best-appointment-scheduling-apps/,18
apps for booking,3600,18.15,6,https://zapier.com/blog/best-appointment-scheduling-apps/,16
apps that integrate with dropbox,30,13.39,6,https://zapier.com/apps/dropbox/integrations,32
apps to help with scheduling,10,9.37,6,https://zapier.com/blog/best-appointment-scheduling-apps/,28
apps to make appointments,50,17.72,6,https://zapier.com/blog/best-appointment-scheduling-apps/,25
asana add in for outlook,20,2.88,6,https://zapier.com/apps/asana/integrations/microsoft-outlook,24
asana create recurring task,20,0,6,https://zapier.com/blog/asana-recurring-tasks/,27
asana erp,10,0,6,https://zapier.com/apps/asana/integrations/openerp,9
asana github sync,10,0,6,https://zapier.com/apps/asana/integrations/github,17
asana outlook add in,50,9.5,6,https://zapier.com/apps/asana/integrations/microsoft-outlook,20
asana plugin for outlook,40,4.95,6,https://zapier.com/apps/asana/integrations/microsoft-outlook,24
automatic website builder,50,30,6,https://zapier.com/blog/best-website-builders/,25
aws sns webhook,20,0,6,https://zapier.com/apps/amazon-sns/integrations/webhook,15
back up phone contacts to gmail,10,1.41,6,https://zapier.com/blog/how-to-backup-contacts-google/,31
basecamp classic login,10,0,6,https://help.zapier.com/hc/en-us/articles/8495930188557-How-to-Get-Started-with-Basecamp-Classic,22
best app for scheduling appointments,720,25.07,6,https://zapier.com/blog/best-appointment-scheduling-apps/,36
best appointment scheduler,50,21.77,6,https://zapier.com/blog/best-appointment-scheduling-apps/,26
best calendar booking app,30,18.59,6,https://zapier.com/blog/best-appointment-scheduling-apps/,25
best client scheduling app,50,24.33,6,https://zapier.com/blog/best-appointment-scheduling-apps/,26
best free online invoicing system,10,0,6,https://zapier.com/blog/best-free-invoice-software/,33
best invoice software free,320,22,6,https://zapier.com/blog/best-free-invoice-software/,26
best online appointment booking,10,0,6,https://zapier.com/blog/best-appointment-scheduling-apps/,31
best online appointment calendar,10,0,6,https://zapier.com/blog/best-appointment-scheduling-apps/,32
best online appointment scheduling,70,22.89,6,https://zapier.com/blog/best-appointment-scheduling-apps/,34
best online appointment software,10,0,6,https://zapier.com/blog/best-appointment-scheduling-apps/,32
best online booking,20,16.34,6,https://zapier.com/blog/best-appointment-scheduling-apps/,19
best online booking apps,30,23.67,6,https://zapier.com/blog/best-appointment-scheduling-apps/,24
best online scheduling tool,40,24.71,6,https://zapier.com/blog/best-appointment-scheduling-apps/,27
best screen sharing apps for android,10,0,6,https://zapier.com/blog/best-screen-sharing-software/,36
best software for scheduling appointments,210,31.79,6,https://zapier.com/blog/best-appointment-scheduling-apps/,41
best way to make invoices,40,26.29,6,https://zapier.com/blog/invoice-template/,25
billing programs free,20,7.13,6,https://zapier.com/blog/best-free-invoice-software/,21
billing software online free,20,13.33,6,https://zapier.com/blog/best-free-invoice-software/,28
booking program,170,17.8,6,https://zapier.com/blog/best-appointment-scheduling-apps/,15
build an appointment booking app,10,21.93,6,https://zapier.com/blog/best-appointment-scheduling-apps/,32
burst sms api,10,0,6,https://zapier.com/apps/burst-sms/integrations/smsapi,13
calendly twitter,90,0,6,https://zapier.com/apps/calendly/integrations/twitter,16
chat bot creator,480,16.14,6,https://zapier.com/blog/best-chatbot-builders/,16
chatbot creator,480,16.14,6,https://zapier.com/blog/best-chatbot-builders/,15
cheapest invoice software,90,33.99,6,https://zapier.com/blog/best-free-invoice-software/,25
chrome s3 browser,10,0,6,https://zapier.com/apps/amazon-s3/integrations/zapier-chrome-extension,17
client scheduler software,90,38.75,6,https://zapier.com/blog/best-appointment-scheduling-apps/,25
com facebook messenger,880,1.29,6,https://zapier.com/apps/facebook-messenger/integrations/monday,22
confluence github integration,50,4.92,6,https://zapier.com/apps/confluence-cloud/integrations/github,29
confluence office 365,10,1.69,6,https://zapier.com/apps/confluence/integrations/office-365,21
connect excel to postgresql,30,0,6,https://zapier.com/apps/excel/integrations/postgresql,27
connect gmail to google drive,10,0,6,https://zapier.com/apps/gmail/integrations/google-drive,29
connect google sheets to postgresql,20,11,6,https://zapier.com/apps/google-sheets/integrations/postgresql,35
connect quickbooks to google sheets,20,12.06,6,https://zapier.com/apps/google-sheets/integrations/quickbooks,35
connect quickbooks to square,30,6.83,6,https://zapier.com/apps/quickbooks/integrations/square,28
connect salesforce to google analytics,10,0,6,https://zapier.com/apps/google-analytics/integrations/salesforce,38
connect sql to google sheets,10,0,6,https://zapier.com/apps/google-sheets/integrations/sql-server,28
connect square to quickbooks,140,11.1,6,https://zapier.com/apps/quickbooks/integrations/square,28
contact form builder software,10,0,6,https://zapier.com/blog/best-online-form-builder-software/,29
create templates,1300,4.62,6,https://zapier.com/blog/how-to-make-document-template/,16
creative cloud ftp,10,0,6,https://zapier.com/apps/brick-ftp/integrations/creative-cloud-libraries,18
crm for service industry,90,67.62,6,https://zapier.com/blog/best-crms-for-small-business/,24
crm for small business india,10,0,6,https://zapier.com/blog/best-crms-for-small-business/,28
crm free for small business,10,40.61,6,https://zapier.com/blog/best-free-crm/,27
crm integration with office 365,40,32.45,6,https://zapier.com/apps/crm-connector/integrations/office-365,31
crm software web,10,0,6,https://zapier.com/blog/best-free-crm/,16
crm system online,210,66.37,6,https://zapier.com/blog/best-free-crm/,17
custom form generator,10,17.22,6,https://zapier.com/blog/best-online-form-builder-software/,21
custom online database,10,52.54,6,https://zapier.com/blog/simple-database-app-builders/,22
customer relationship management app,30,35.31,6,https://zapier.com/blog/best-crm-app/,36
database versus spreadsheet,20,1.95,6,https://zapier.com/blog/database-vs-spreadsheet/,27
digital forms,320,24.22,6,https://zapier.com/blog/best-online-form-builder-software/,13
digital invoice software,40,54.05,6,https://zapier.com/blog/best-free-invoice-software/,24
discord integration bot,10,0,6,https://zapier.com/apps/chatbot/integrations/discord,23
does salesforce integrate with quickbooks,50,24.19,6,https://zapier.com/apps/quickbooks/integrations/salesforce,41
dynamics 365 amazon integration,10,0,6,https://zapier.com/apps/amazon-seller-central/integrations/microsoft-dynamics-crm,31
dynamics crm jira integration,10,0,6,https://zapier.com/apps/jira-service-desk/integrations/microsoft-dynamics-crm,29
easy database for websites,10,12.69,6,https://zapier.com/blog/simple-database-app-builders/,26
easy form maker,20,9.14,6,https://zapier.com/blog/best-online-form-builder-software/,15
easy invoicing system,10,37.87,6,https://zapier.com/blog/best-free-invoice-software/,21
easy online database builder,10,23.08,6,https://zapier.com/blog/simple-database-app-builders/,28
easy scheduler app,90,17.56,6,https://zapier.com/blog/best-appointment-scheduling-apps/,18
egnyte salesforce integration,10,0,6,https://zapier.com/apps/egnyte/integrations/salesforce,29
email hosting custom domain,210,20.1,6,https://zapier.com/blog/best-email-hosting-services/,27
embed jira in notion,0,0,6,https://zapier.com/apps/jira-software/integrations/notion,20
enterprise email website,10,0,6,https://zapier.com/blog/best-email-hosting-services/,24
expensify com reports,10,0.7,6,https://zapier.com/apps/expensify/integrations/expensify/13236/export-new-expensify-reports-as-pdfs,21
expensify quickbooks online integration,10,37.94,6,https://zapier.com/apps/expensify/integrations/quickbooks,39
export asana to google sheet,10,11,6,https://zapier.com/apps/asana/integrations/google-sheets,28
facebook webhook integration,10,0,6,https://zapier.com/apps/facebook-pages/integrations/webhook,28
fareharbor api,40,13.45,6,https://zapier.com/apps/fareharbor/integrations,14
feedly push notifications android,10,0,6,https://zapier.com/apps/feedly/integrations/pushover,33
form builder free online,390,21.29,6,https://zapier.com/blog/best-online-form-builder-software/,24
form creator,3600,13.04,6,https://zapier.com/blog/best-online-form-builder-software/,12
form maker online,260,15.34,6,https://zapier.com/blog/best-online-form-builder-software/,17
forms maker,1300,11.93,6,https://zapier.com/blog/best-online-form-builder-software/,11
free appointment app,210,13.41,6,https://zapier.com/blog/best-appointment-scheduling-apps/,20
free appointment app for android,10,5.84,6,https://zapier.com/blog/best-appointment-scheduling-apps/,32
free appointment booking apps,1300,16.08,6,https://zapier.com/blog/best-appointment-scheduling-apps/,29
free billing and invoicing software,20,18.24,6,https://zapier.com/blog/best-free-invoice-software/,35
free billing manager,10,8.6,6,https://zapier.com/blog/best-free-invoice-software/,20
free billing programs,20,7.13,6,https://zapier.com/blog/best-free-invoice-software/,21
free billing software online,20,13.33,6,https://zapier.com/blog/best-free-invoice-software/,28
free billing softwares,320,25,6,https://zapier.com/blog/best-free-invoice-software/,22
free billing system software,10,0,6,https://zapier.com/blog/best-free-invoice-software/,28
free business invoice software,30,26.02,6,https://zapier.com/blog/best-free-invoice-software/,30
free crm software for small business,170,49.48,6,https://zapier.com/blog/best-free-crm/,36
free crm software for small business india,10,0,6,https://zapier.com/blog/best-free-crm/,42
free electronic invoicing,90,24.4,6,https://zapier.com/blog/best-free-invoice-software/,25
free forms for website,70,13.82,6,https://zapier.com/blog/best-online-form-builder-software/,22
free forms for websites,70,13.82,6,https://zapier.com/blog/best-online-form-builder-software/,23
free inventory and invoice software,40,27.7,6,https://zapier.com/blog/best-free-invoice-software/,35
free invoice and estimate software,70,43.52,6,https://zapier.com/blog/best-free-invoice-software/,34
free invoice management system,10,0,6,https://zapier.com/blog/best-free-invoice-software/,30
free invoice program,260,22,6,https://zapier.com/blog/best-free-invoice-software/,20
free invoice software,1900,23.57,6,https://zapier.com/blog/best-free-invoice-software/,21
﻿free invoice software,1900,21.39,6,https://zapier.com/blog/best-free-invoice-software/,22
free invoice software download,390,21.73,6,https://zapier.com/blog/best-free-invoice-software/,30
free invoice software online,170,28.98,6,https://zapier.com/blog/best-free-invoice-software/,28
free invoicing service,110,29.44,6,https://zapier.com/blog/best-free-invoice-software/,22
free invoicing software for freelancers,50,28.08,6,https://zapier.com/blog/best-free-invoice-software/,39
free invoicing system,110,25.98,6,https://zapier.com/blog/best-free-invoice-software/,21
free invoicing systems,110,25.98,6,https://zapier.com/blog/best-free-invoice-software/,22
free online application maker,10,12.54,6,https://zapier.com/blog/best-online-form-builder-software/,29
free online billing website,10,0,6,https://zapier.com/blog/best-free-invoice-software/,27
free online contacts manager,30,28.52,6,https://zapier.com/blog/best-free-crm/,28
free online invoice software,170,28.98,6,https://zapier.com/blog/best-free-invoice-software/,28
free online invoice system,20,27.5,6,https://zapier.com/blog/best-free-invoice-software/,26
free online invoicing program,10,39.51,6,https://zapier.com/blog/best-free-invoice-software/,29
free online invoicing services,10,0,6,https://zapier.com/blog/best-free-invoice-software/,30
free online invoicing software,170,28.98,6,https://zapier.com/blog/best-free-invoice-software/,30
free online invoicing system,20,27.5,6,https://zapier.com/blog/best-free-invoice-software/,28
free online scheduling apps,70,21.84,6,https://zapier.com/blog/best-appointment-scheduling-apps/,27
free project plan,260,34.78,6,https://zapier.com/blog/free-project-management-software/,17
free project scheduling,40,37.62,6,https://zapier.com/blog/free-project-management-software/,23
free website forms,70,13.82,6,https://zapier.com/blog/best-online-form-builder-software/,18
freshping api,10,0,6,https://zapier.com/apps/freshping/integrations,13
freshsales outlook integration,10,0,6,https://zapier.com/apps/freshworks-crm/integrations/microsoft-outlook,30
git trello,170,10.2,6,https://zapier.com/apps/github/integrations/trello,10
gmail app vs inbox app,10,0,6,https://zapier.com/blog/gmail-vs-apple-mail/,22
gmail to sheets,40,8.65,6,https://zapier.com/apps/gmail/integrations/google-sheets,15
gmail zoho,20,0,6,https://zapier.com/apps/gmail/integrations/zoho-mail,10
google ads crm integration,10,0,6,https://zapier.com/apps/crm-connector/integrations/google-ads,26
google ads lead form extension,140,11.79,6,https://zapier.com/blog/what-is-google-ads-lead-form-extension/,30
google adwords data in excel,0,0,6,https://zapier.com/apps/excel/integrations/google-ads,28
google analytics to excel,30,16.68,6,https://zapier.com/apps/excel/integrations/google-analytics,25
google calendar in google sheets,10,1.09,6,https://zapier.com/apps/google-calendar/integrations/google-sheets,32
google calendar in notion,210,5.02,6,https://zapier.com/apps/google-calendar/integrations/notion,25
google docs dropbox sync,10,0,6,https://zapier.com/apps/dropbox/integrations/google-drive,24
google forms mysql,20,0,6,https://zapier.com/apps/google-forms/integrations/mysql,18
google lead gen ads,30,29.15,6,https://zapier.com/blog/what-is-google-ads-lead-form-extension/,19
google sheet connect to sql server,10,8.32,6,https://zapier.com/apps/google-sheets/integrations/sql-server,34
google sheets to postgresql,20,5.22,6,https://zapier.com/apps/google-sheets/integrations/postgresql,27
google sheets to sql database,10,11.67,6,https://zapier.com/apps/google-sheets/integrations/sql-server,29
google sheets to sql server,20,0,6,https://zapier.com/apps/google-sheets/integrations/sql-server,27
graph google sheets,170,0,6,https://zapier.com/blog/make-chart-graph-google-sheets/,19
gravity forms consumer key,10,0,6,https://help.zapier.com/hc/en-us/articles/8495987809933-How-to-Get-Started-with-Gravity-Forms,26
gravity forms hubspot,140,8.34,6,https://zapier.com/apps/gravity-forms/integrations/hubspot,21
gravity forms webhooks,90,8.48,6,https://zapier.com/apps/gravity-forms/integrations/webhook,22
how can i make an invoice,50,19.24,6,https://zapier.com/blog/invoice-template/,25
how create an invoice,4400,17.99,6,https://zapier.com/blog/invoice-template/,21
how do i create an invoice,90,21.31,6,https://zapier.com/blog/invoice-template/,26
how to do app,70,8.16,6,https://zapier.com/blog/best-todo-list-apps/,13
how to make a chart in google sheets,1000,5,6,https://zapier.com/blog/make-chart-graph-google-sheets/,36
how to make company invoice,20,21.02,6,https://zapier.com/blog/invoice-template/,27
how to make your own invoice,70,15.96,6,https://zapier.com/blog/invoice-template/,28
how to set up an invoice,170,17.58,6,https://zapier.com/blog/invoice-template/,24
how to start streaming on twitch reddit,30,0,6,https://zapier.com/apps/twitch/integrations/reddit,39
how to use notebook app,20,0,6,https://zapier.com/blog/best-note-taking-apps/,23
hubspot linkedin lead gen forms,30,357.65,6,https://zapier.com/apps/linkedin-ads/integrations/hubspot,31
ifttt google keep,20,0,6,https://zapier.com/apps/google-keep/integrations,17
import google keep to notion,10,0,6,https://zapier.com/apps/google-tasks/integrations/notion,28
import spreadsheet into trello,20,0,6,https://zapier.com/apps/excel/integrations/trello,30
import trello to airtable,10,4.89,6,https://zapier.com/apps/airtable/integrations/trello,25
instagram google analytics,90,5.22,6,https://zapier.com/apps/instagram/integrations/google-analytics,26
instagram shopify integration,170,10,6,https://zapier.com/apps/instagram/integrations/shopify,29
integrate shopify with instagram,20,5.34,6,https://zapier.com/apps/instagram/integrations/shopify,32
integrate shopify with squarespace,140,23.09,6,https://zapier.com/apps/squarespace/integrations/shopify,34
integrate typeform with wordpress,10,0,6,https://zapier.com/apps/typeform/integrations/wordpress,33
invoice for small business free,170,28.98,6,https://zapier.com/blog/best-free-invoice-software/,31
invoice free software download,390,21.73,6,https://zapier.com/blog/best-free-invoice-software/,30
invoice making software,140,36.89,6,https://zapier.com/blog/best-free-invoice-software/,23
invoice program free download,10,16.01,6,https://zapier.com/blog/best-free-invoice-software/,29
invoice programs for windows,10,13.18,6,https://zapier.com/blog/best-free-invoice-software/,28
invoice software free download,390,21.73,6,https://zapier.com/blog/best-free-invoice-software/,30
invoice system free,110,25.98,6,https://zapier.com/blog/best-free-invoice-software/,19
invoicing how to,390,16,6,https://zapier.com/blog/invoice-template/,16
invoicing software uk free,10,0,6,https://zapier.com/blog/best-free-invoice-software/,26
jira and notion,10,2.78,6,https://zapier.com/apps/jira-software/integrations/notion,15
jira mysql database,10,0,6,https://zapier.com/apps/jira/integrations/mysql,19
klaviyo shopify integration,110,41.33,6,https://zapier.com/apps/klaviyo/integrations/shopify,27
lead ads crm integration,10,0,6,https://zapier.com/apps/facebook-lead-ads/integrations/crm-connector,24
lead form extensions,70,24.99,6,https://zapier.com/blog/what-is-google-ads-lead-form-extension/,20
lead form extensions google ads,30,0,6,https://zapier.com/blog/what-is-google-ads-lead-form-extension/,31
lead form extensions in search ads,10,0,6,https://zapier.com/blog/what-is-google-ads-lead-form-extension/,34
lead form linkedin,10,0,6,https://zapier.com/blog/linkedin-lead-gen-form-examples/,18
lead form submission google ads,10,0,6,https://zapier.com/blog/what-is-google-ads-lead-form-extension/,31
lead gen form linkedin,90,285.76,6,https://zapier.com/blog/linkedin-lead-gen-form-examples/,22
lead gen forms linkedin,590,307.7,6,https://zapier.com/blog/linkedin-lead-gen-form-examples/,23
lead generation form linkedin,20,0,6,https://zapier.com/blog/linkedin-lead-gen-form-examples/,29
learndash woocommerce,50,9.02,6,https://zapier.com/apps/learndash/integrations/woocommerce,21
lesson scheduling app,20,16.42,6,https://zapier.com/blog/best-appointment-scheduling-apps/,21
link quickbooks to square,10,7.08,6,https://zapier.com/apps/quickbooks/integrations/square,25
linkedin gen forms,10,3.01,6,https://zapier.com/blog/linkedin-lead-gen-form-examples/,18
linkedin lead form,70,1000,6,https://zapier.com/blog/linkedin-lead-gen-form-examples/,18
linkedin lead form ads,20,4.37,6,https://zapier.com/blog/linkedin-lead-gen-form-examples/,22
linkedin lead gen form,110,249.31,6,https://zapier.com/blog/linkedin-lead-gen-form-examples/,22
linkedin lead gen forms,590,307.7,6,https://zapier.com/blog/linkedin-lead-gen-form-examples/,23
linkedin lead gen forms download,10,0,6,https://zapier.com/blog/linkedin-lead-gen-form-examples/,32
linkedin lead gen forms hubspot,20,0,6,https://zapier.com/apps/linkedin-ads/integrations/hubspot,31
linkedin lead generation form,20,301.15,6,https://zapier.com/blog/linkedin-lead-gen-form-examples/,29
linking sheets in excel,390,0,6,https://zapier.com/blog/link-spreadsheet-data/,23
mailchimp database integration,10,0,6,https://zapier.com/apps/mailchimp/integrations/mysql,30
mailchimp to pdf,90,13.14,6,https://zapier.com/apps/mailchimp/integrations/pdfco,16
mailchimp zoho crm integration,50,15.2,6,https://zapier.com/apps/mailchimp/integrations/zoho-crm,30
make appointment app,110,18.2,6,https://zapier.com/blog/best-appointment-scheduling-apps/,20
making charts in google sheets,140,5.02,6,https://zapier.com/blog/make-chart-graph-google-sheets/,30
mattermost calendar,20,0,6,https://zapier.com/apps/google-calendar/integrations/mattermost,19
microsoft drip,10,0,6,https://zapier.com/apps/drip/integrations/microsoft-dynamics-crm,14
microsoft dynamics salesforce integration,30,29.45,6,https://zapier.com/apps/microsoft-dynamics-crm/integrations/salesforce,41
migrate from mailchimp to sendgrid,10,0,6,https://zapier.com/apps/mailchimp/integrations/sendgrid,34
my contacts backup gmail,10,1.49,6,https://zapier.com/blog/how-to-backup-contacts-google/,24
need to make an invoice,10,19.94,6,https://zapier.com/blog/invoice-template/,23
notebook app for windows 7,10,0,6,https://zapier.com/blog/best-note-taking-apps/,26
notebook for windows,880,2.85,6,https://zapier.com/blog/best-note-taking-apps/,20
notebook take notes sync windows,10,0,6,https://zapier.com/blog/best-note-taking-apps/,32
notebooks for mac,90,0,6,https://zapier.com/blog/best-note-taking-app-for-mac/,17
notion add google calendar,10,0,6,https://zapier.com/apps/google-calendar/integrations/notion,26
notion and jira,20,2.79,6,https://zapier.com/apps/jira-software/integrations/notion,15
notion import google calendar,20,0,6,https://zapier.com/apps/google-calendar/integrations/notion,29
notion jira,90,28.13,6,https://zapier.com/apps/jira-software/integrations/notion,11
notion link calendar,10,0,6,https://zapier.com/apps/google-calendar/integrations/notion,20
o365 salesforce integration,10,0,6,https://zapier.com/apps/office-365/integrations/salesforce,27
office 365 email integration,10,0,6,https://zapier.com/apps/office-365/integrations,28
office 365 sms gateway,10,4.23,6,https://zapier.com/apps/office-365/integrations/sms,22
onboarding automation,320,69.74,6,https://zapier.com/blog/automate-employee-onboarding-offboarding/,21
online appointment booking tool,10,0,6,https://zapier.com/blog/best-appointment-scheduling-apps/,31
online billing software free,20,13.33,6,https://zapier.com/blog/best-free-invoice-software/,28
online database builder,50,21.06,6,https://zapier.com/blog/simple-database-app-builders/,23
online free form creator,590,17.98,6,https://zapier.com/blog/best-online-form-builder-software/,24
online free invoice software,170,28.98,6,https://zapier.com/blog/best-free-invoice-software/,28
online invoice app free,10,13.36,6,https://zapier.com/blog/best-free-invoice-software/,23
online invoice software free,170,28.98,6,https://zapier.com/blog/best-free-invoice-software/,28
online invoicing and payment,110,40.84,6,https://zapier.com/blog/best-invoicing-software/,28
online invoicing software free,170,28.98,6,https://zapier.com/blog/best-free-invoice-software/,30
online scheduling systems,210,28.92,6,https://zapier.com/blog/best-appointment-scheduling-apps/,25
openerp cloud,10,0,6,https://zapier.com/apps/maropost-commerce-cloud/integrations/openerp,13
outlook webhook url,10,0,6,https://zapier.com/apps/microsoft-outlook/integrations/webhook,19
own domain email hosting,10,0,6,https://zapier.com/blog/best-email-hosting-services/,24
pagerduty slack workflow,0,0,6,https://zapier.com/apps/pagerduty/integrations/slack,24
payment software free download,10,0,6,https://zapier.com/blog/best-free-invoice-software/,30
pc notebook software,10,0,6,https://zapier.com/blog/best-note-taking-apps/,20
pendo salesforce integration,140,27.99,6,https://zapier.com/apps/pendo-legacy/integrations/salesforce,28
photo notebook app,10,0,6,https://zapier.com/blog/best-note-taking-apps/,18
pipedrive webhooks,40,22.99,6,https://zapier.com/apps/pipedrive/integrations/webhook,18
popular scheduling apps,10,7.35,6,https://zapier.com/apps/categories/scheduling,23
program to make invoice,20,20.52,6,https://zapier.com/blog/best-free-invoice-software/,23
quickbooks for salesforce,170,100,6,https://zapier.com/apps/quickbooks/integrations/salesforce,25
quickbooks microsoft dynamics,10,0,6,https://zapier.com/apps/microsoft-dynamics-crm/integrations/quickbooks,29
quickbooks sql server integration,10,0,6,https://zapier.com/apps/quickbooks/integrations/sql-server,33
recurring tasks in asana,480,50.26,6,https://zapier.com/blog/asana-recurring-tasks/,24
redmine sharepoint integration,10,0,6,https://zapier.com/apps/office-365/integrations/redmine,30
relational database vs excel,10,0,6,https://zapier.com/blog/database-vs-spreadsheet/,28
ringcentral integration with salesforce,210,39.44,6,https://zapier.com/apps/ringcentral/integrations/salesforce,39
rocketchat jira integration,10,0,6,https://zapier.com/apps/jira/integrations/rocketchat,27
salesforce 365,10,0,6,https://zapier.com/apps/office-365/integrations/salesforce,14
salesforce microsoft office integration,10,0,6,https://zapier.com/apps/office-365/integrations/salesforce,39
salesforce o365,10,0,6,https://zapier.com/apps/office-365/integrations/salesforce,15
salesforce to google calendar,10,0,6,https://zapier.com/apps/google-calendar/integrations/salesforce,29
salesforce to quickbooks,170,100,6,https://zapier.com/apps/quickbooks/integrations/salesforce,24
salesforce with quickbooks,170,100,6,https://zapier.com/apps/quickbooks/integrations/salesforce,26
scanned card,10,1.45,6,https://zapier.com/blog/best-business-card-scanner-software/,12
scheduling software app,20,30.21,6,https://zapier.com/blog/best-appointment-scheduling-apps/,23
screen share app,2900,6.06,6,https://zapier.com/blog/best-screen-sharing-software/,16
screen sharing app during video call,10,0,6,https://zapier.com/blog/best-screen-sharing-software/,36
screen sharing video,170,10.56,6,https://zapier.com/blog/best-screen-sharing-software/,20
screen sharing video call app,10,0,6,https://zapier.com/blog/best-screen-sharing-software/,29
screenshare call,20,6.97,6,https://zapier.com/blog/best-screen-sharing-software/,16
screenshare meeting,10,9.29,6,https://zapier.com/blog/best-screen-sharing-software/,19
send invoices for free,260,29.76,6,https://zapier.com/blog/best-free-invoice-software/,22
service industry crm,90,67.62,6,https://zapier.com/blog/best-crms-for-small-business/,20
shopify integration with instagram,10,0,6,https://zapier.com/apps/instagram/integrations/shopify,34
shopify plugin for squarespace,10,0,6,https://zapier.com/apps/squarespace/integrations/shopify,30
simple invoicing program,40,26.09,6,https://zapier.com/blog/best-free-invoice-software/,24
slack asana legacy,10,0,6,https://zapier.com/shared/webhook-to-asana-slack/9ecab1360c4609fb08c07840b85b5ed6b3d0a145,18
slack google translate,10,0,6,https://zapier.com/apps/slack/integrations/translate,22
slack whatsapp integration,50,13.39,6,https://zapier.com/apps/getchat-ca146209/integrations/slack/831652/get-new-whatsapp-messages-via-getchat-on-slack,26
slack zoho projects,10,0,6,https://zapier.com/apps/slack/integrations/zoho-projects,19
slackbot responses,70,0,6,https://zapier.com/blog/how-to-build-chat-bot/,18
software application builder,20,22.89,6,https://zapier.com/apps/categories/app-builder,28
software notebook,110,13.21,6,https://zapier.com/blog/best-note-taking-apps/,17
software to create invoices,210,40,6,https://zapier.com/blog/best-free-invoice-software/,27
software to generate invoices,210,41.72,6,https://zapier.com/blog/best-free-invoice-software/,29
solutions email,20,0,6,https://zapier.com/blog/best-email-hosting-services/,15
spotify integration,110,0,6,https://zapier.com/apps/spotify/integrations,19
spreadsheet vs database,720,13.08,6,https://zapier.com/blog/database-vs-spreadsheet/,23
sql server to google sheets,10,0,6,https://zapier.com/apps/google-sheets/integrations/sql-server,27
square with quickbooks,320,62.5,6,https://zapier.com/apps/quickbooks/integrations/square,22
strava automation,10,0,6,https://zapier.com/apps/strava/integrations,17
student project management system,10,0,6,https://zapier.com/blog/free-project-management-software/,33
surveymonkey and salesforce,20,17.03,6,https://zapier.com/apps/salesforce/integrations/surveymonkey,27
surveymonkey salesforce,110,14.86,6,https://zapier.com/apps/salesforce/integrations/surveymonkey,23
sync trello calendar with google calendar,20,0,6,https://zapier.com/blog/how-to-sync-trello-with-google-calendar/,41
sync trello with outlook calendar,10,0,6,https://zapier.com/apps/microsoft-outlook/integrations/trello,33
target hero email marketing,10,0,6,https://zapier.com/blog/email-segmentation/,27
the best appointment scheduling apps,20,16.17,6,https://zapier.com/blog/best-appointment-scheduling-apps/,36
the best scheduling app,70,15.56,6,https://zapier.com/blog/best-appointment-scheduling-apps/,23
the best scheduling apps,70,15.56,6,https://zapier.com/blog/best-appointment-scheduling-apps/,24
the notebook app,2900,3.02,6,https://zapier.com/blog/best-note-taking-apps/,16
trello board example,720,17.79,6,https://zapier.com/blog/how-to-use-trello/,20
trello board examples,720,17.79,6,https://zapier.com/blog/how-to-use-trello/,21
trello calendar sync outlook,10,0,6,https://zapier.com/apps/microsoft-outlook/integrations/trello,28
trello example boards,720,17.79,6,https://zapier.com/blog/how-to-use-trello/,21
trello git integration,170,11.04,6,https://zapier.com/apps/github/integrations/trello,22
trello zoho,20,0,6,https://zapier.com/apps/trello/integrations/zoho-crm,11
twilio integration with salesforce,110,47.42,6,https://zapier.com/apps/salesforce/integrations/twilio,34
twitter api google sheets,10,0,6,https://zapier.com/apps/google-sheets/integrations/twitter,25
typeform in wordpress,10,10.36,6,https://zapier.com/apps/typeform/integrations/wordpress,21
using google for crm,20,25.2,6,https://zapier.com/blog/spreadsheet-crm/,20
video chat app with screen sharing,10,0,6,https://zapier.com/blog/best-screen-sharing-software/,34
video conferencing and screen sharing,10,0,6,https://zapier.com/blog/best-screen-sharing-software/,37
vimeo rss feed,30,149.05,6,https://zapier.com/apps/rss/integrations/vimeo,14
vonage salesforce integration,40,30.83,6,https://zapier.com/apps/salesforce/integrations/vonage-business-communications,29
wachete app,10,0,6,https://zapier.com/apps/wachete/integrations/google-sheets,11
web app crm,10,0,6,https://zapier.com/blog/best-crm-app/,11
web based appointment scheduling system,10,0,6,https://zapier.com/blog/best-appointment-scheduling-apps/,39
web based form,70,13.2,6,https://zapier.com/blog/best-online-form-builder-software/,14
web database creator,10,0,6,https://zapier.com/blog/simple-database-app-builders/,20
web form free,90,11.48,6,https://zapier.com/blog/best-online-form-builder-software/,13
website application builder,10,25.68,6,https://zapier.com/apps/categories/cms,27
website builder software with database,10,14.27,6,https://zapier.com/blog/simple-database-app-builders/,38
website builder with database,170,20.02,6,https://zapier.com/blog/simple-database-app-builders/,29
website builder with database support,10,0,6,https://zapier.com/blog/simple-database-app-builders/,37
website with forms,720,13.4,6,https://zapier.com/blog/best-online-form-builder-software/,18
websites to make apps,480,15.08,6,https://zapier.com/apps/categories/website-app-building,21
whatsapp trello integration,10,0,6,https://zapier.com/apps/sms-masivos/integrations/trello/222079/send-sms-masivos-whatsapp-messages-for-new-trello-activities,27
whmcs square payment gateway,10,13.46,6,https://zapier.com/apps/square/integrations/whmcs,28
windows invoicing software,30,35,6,https://zapier.com/blog/best-free-invoice-software/,26
woocommerce zoho integration,20,0,6,https://zapier.com/apps/woocommerce/integrations/zoho-crm,28
wordpress google drive integration,20,0,6,https://zapier.com/apps/google-drive/integrations/wordpress,34
wordpress to salesforce integration,10,0,6,https://zapier.com/apps/salesforce/integrations/wordpress,35
wp all import google sheet,10,0,6,https://zapier.com/apps/wp-all-export-pro/integrations/google-sheets,26
zoho books woocommerce,10,0,6,https://zapier.com/apps/woocommerce/integrations/zoho-books,22
zoho crm and mailchimp integration,10,0,6,https://zapier.com/apps/mailchimp/integrations/zoho-crm,34
zoho crm documents module,10,0,6,https://zapier.com/apps/google-docs/integrations/zoho-crm,25
zoho crm google analytics,10,0,6,https://zapier.com/apps/google-analytics/integrations/zoho-crm,25
zoho crm google calendar,10,0,6,https://zapier.com/apps/google-calendar/integrations/zoho-crm,24
zoho crm stripe integration,10,0,6,https://zapier.com/apps/stripe/integrations/zoho-crm,27
zoho crm woocommerce,20,0,6,https://zapier.com/apps/woocommerce/integrations/zoho-crm,20
zoho crm xero integration,10,0,6,https://zapier.com/apps/xero/integrations/zoho-crm,25
zoho desk slack,10,0,6,https://zapier.com/apps/slack/integrations/zoho-desk,15
zoho desk slack integration,10,0,6,https://zapier.com/apps/slack/integrations/zoho-desk,27
zoho docusign,50,20.74,6,https://zapier.com/apps/docusign/integrations/zoho-crm,13
zoho dropbox,10,0,6,https://zapier.com/apps/dropbox/integrations/zoho-crm,12
zoho facebook integration,20,0,6,https://zapier.com/apps/facebook-lead-ads/integrations/zoho-crm,25
zoho google sheets,10,0,6,https://zapier.com/apps/google-sheets/integrations/zoho-crm,18
zoho integration with shopify,10,0,6,https://zapier.com/apps/shopify/integrations/zoho-crm,29
zoho inventory quickbooks,10,0,6,https://zapier.com/apps/quickbooks/integrations/zoho-inventory,25
zoho slack integration,30,14.72,6,https://zapier.com/apps/slack/integrations/zoho-crm,22
zoho trello integration,10,0,6,https://zapier.com/apps/trello/integrations/zoho-crm,23
zoho uptime,10,0,6,https://zapier.com/apps/better-uptime-ca87275/integrations/zoho-mail,11
zoho vonage,10,0,6,https://zapier.com/apps/vonage-sms-api/integrations/zoho-crm,11
zoho woocommerce,40,29.27,6,https://zapier.com/apps/woocommerce/integrations/zoho-crm,16
100 free invoice software,10,2.74,7,https://zapier.com/blog/best-free-invoice-software/,25
active campaigns login,880,0.64,7,https://zapier.com/apps/activecampaign/integrations,22
adobe sign hubspot integration,20,0,7,https://zapier.com/apps/creative-cloud-libraries/integrations/hubspot,30
adwords report to google sheets,10,0,7,https://zapier.com/apps/google-ads/integrations/google-sheets,31
airtable discord,20,0,7,https://zapier.com/apps/airtable/integrations/discord,16
airtable import trello,10,0,7,https://zapier.com/apps/airtable/integrations/trello,22
airtable move table to another base,70,33.3,7,https://zapier.com/apps/airtable/integrations/airtable/12916/copy-new-airtable-records-in-views-from-one-base-to-another,35
all in one ecommerce,10,0,7,https://zapier.com/blog/best-ecommerce-shopping-cart-software/,20
amazon s3 salesforce integration,10,15.19,7,https://zapier.com/apps/amazon-s3/integrations/salesforce,32
android appointment apps,50,8.93,7,https://zapier.com/blog/best-appointment-scheduling-apps/,24
app for making appointments,110,18.2,7,https://zapier.com/blog/best-appointment-scheduling-apps/,27
appointment book software,480,28.93,7,https://zapier.com/blog/best-appointment-scheduling-apps/,25
appointment booking and payment system,10,68.18,7,https://zapier.com/blog/best-appointment-scheduling-apps/,38
appointment booking system,210,25.34,7,https://zapier.com/blog/best-appointment-scheduling-apps/,26
appointment calendar free,140,11.8,7,https://zapier.com/blog/best-appointment-scheduling-apps/,25
appointment platform,10,43.6,7,https://zapier.com/blog/best-appointment-scheduling-apps/,20
appointments system,260,12.88,7,https://zapier.com/blog/best-appointment-scheduling-apps/,19
apps for booking appointments,1900,18.97,7,https://zapier.com/blog/best-appointment-scheduling-apps/,29
area of responsibility in business,20,0,7,https://zapier.com/blog/asana-areas-of-responsibility/,34
asana microsoft teams,70,32.73,7,https://zapier.com/apps/asana/integrations/microsoft-teams,21
asana zoho,10,0,7,https://zapier.com/apps/asana/integrations/zoho-crm,10
automated booking system,20,20.85,7,https://zapier.com/blog/best-appointment-scheduling-apps/,24
aws sns slack,50,0,7,https://zapier.com/apps/amazon-sns/integrations/slack,13
backing up gmail contacts,170,1.84,7,https://zapier.com/blog/how-to-backup-contacts-google/,25
basecamp classic help,10,0,7,https://help.zapier.com/hc/en-us/articles/8495930188557-How-to-Get-Started-with-Basecamp-Classic,21
basecamp sharepoint integration,10,2.13,7,https://zapier.com/apps/basecamp3/integrations/office-365,31
basic invoice program,10,0,7,https://zapier.com/blog/best-free-invoice-software/,21
basic invoicing software free,10,7.4,7,https://zapier.com/blog/best-free-invoice-software/,29
best app for appointments,110,15.37,7,https://zapier.com/blog/best-appointment-scheduling-apps/,25
best app for schedules,2900,16.86,7,https://zapier.com/blog/best-calendar-apps/,22
best appointment booking app free,10,13.12,7,https://zapier.com/blog/best-appointment-scheduling-apps/,33
best apps for scheduling,2900,16.86,7,https://zapier.com/apps/categories/scheduling,24
best free calendar scheduling app,20,12.13,7,https://zapier.com/blog/best-calendar-apps/,33
best free online invoice generator,10,25.35,7,https://zapier.com/blog/best-free-invoice-software/,34
best invoicing software free,320,22,7,https://zapier.com/blog/best-free-invoice-software/,28
best office 365 add ins,20,0,7,https://zapier.com/blog/best-word-excel-powerpoint-addins/,23
best online appointment booking software,10,0,7,https://zapier.com/blog/best-appointment-scheduling-apps/,40
best online appointment booking system,10,0,7,https://zapier.com/blog/best-appointment-scheduling-apps/,38
best online appointment scheduler,70,22.89,7,https://zapier.com/blog/best-appointment-scheduling-apps/,33
best online appointment scheduling software,40,25.56,7,https://zapier.com/blog/best-appointment-scheduling-apps/,43
best online appointment scheduling tool,10,0,7,https://zapier.com/blog/best-appointment-scheduling-apps/,39
best online booking system,210,30.91,7,https://zapier.com/blog/best-appointment-scheduling-apps/,26
best online scheduler,90,16.89,7,https://zapier.com/blog/best-appointment-scheduling-apps/,21
best online scheduling program,10,0,7,https://zapier.com/blog/best-appointment-scheduling-apps/,30
best online scheduling software,90,26.58,7,https://zapier.com/blog/best-appointment-scheduling-apps/,31
best online scheduling system,10,9.81,7,https://zapier.com/blog/best-appointment-scheduling-apps/,29
big cartel blog,40,0,7,https://zapier.com/apps/bigcartel/integrations/tumblr,15
big cartel printify,10,0,7,https://zapier.com/apps/bigcartel/integrations/printful,19
bill maker for pc,0,0,7,https://zapier.com/blog/best-free-invoice-software/,17
bill management software free,10,0,7,https://zapier.com/blog/best-free-invoice-software/,29
billing invoice software free download,10,0,7,https://zapier.com/blog/best-free-invoice-software/,38
billing software freeware,10,30.2,7,https://zapier.com/blog/best-free-invoice-software/,25
boldleads login,40,8.05,7,https://zapier.com/apps/boldleads/integrations/ixact-contact-crm,15
booking and scheduling,30,25,7,https://zapier.com/blog/best-appointment-scheduling-apps/,22
booking appointment apps,1900,18.97,7,https://zapier.com/blog/best-appointment-scheduling-apps/,24
booking appointment software,480,28.93,7,https://zapier.com/blog/best-appointment-scheduling-apps/,28
booking in system,720,26.6,7,https://zapier.com/blog/best-appointment-scheduling-apps/,17
booking online app,480,15.39,7,https://zapier.com/blog/best-appointment-scheduling-apps/,18
bookmark app android,30,0,7,https://zapier.com/apps/categories/bookmarks,20
box workflow demo,10,0,7,https://zapier.com/,17
build app without coding,590,19.8,7,https://zapier.com/blog/best-no-code-app-builder/,24
build web forms,480,17.29,7,https://zapier.com/blog/best-online-form-builder-software/,15
building an app without code,590,19.8,7,https://zapier.com/blog/best-no-code-app-builder/,28
burst sms,590,32.79,7,https://zapier.com/apps/unbounce/integrations/burst-sms,9
business email platform,170,73.54,7,https://zapier.com/blog/best-email-hosting-services/,23
business scheduling apps,1300,33.98,7,https://zapier.com/blog/best-appointment-scheduling-apps/,24
buy webmail,10,19.64,7,https://zapier.com/blog/best-email-hosting-services/,11
calendar app for appointments,20,11.23,7,https://zapier.com/blog/best-appointment-scheduling-apps/,29
calendar booking tools,30,16.61,7,https://zapier.com/blog/best-appointment-scheduling-apps/,22
calendar for iphone and android,20,1.29,7,https://zapier.com/blog/best-android-calendar-apps/,31
cards scan,390,3.82,7,https://zapier.com/blog/best-business-card-scanner-software/,10
chatbot generator,20,42.74,7,https://zapier.com/blog/best-chatbot-builders/,17
cheap invoices,20,7.75,7,https://zapier.com/blog/best-free-invoice-software/,14
cheap invoicing software,90,33.99,7,https://zapier.com/blog/best-free-invoice-software/,24
clickup pull requests,20,0,7,https://zapier.com/apps/clickup/integrations/github,21
clickup whatsapp integration,10,18.94,7,https://zapier.com/apps/clickup/integrations/wati,28
cliengo api,10,0,7,https://zapier.com/apps/cliengo/integrations/woocommerce,11
client booking software,30,33.5,7,https://zapier.com/blog/best-appointment-scheduling-apps/,23
confluence devops integration,10,0,7,https://zapier.com/apps/azure-devops/integrations/confluence,29
connect excel to jira,20,8.41,7,https://zapier.com/apps/excel/integrations/jira-software,21
connect excel to quickbooks online,10,3.61,7,https://zapier.com/apps/excel/integrations/quickbooks,34
connect google drive to wordpress,10,0,7,https://zapier.com/apps/google-drive/integrations/wordpress,33
connect google sheets to excel,40,5.73,7,https://zapier.com/apps/excel/integrations/google-sheets,30
connect square to quickbooks online,10,0,7,https://zapier.com/apps/quickbooks/integrations/square,35
connectwise sharepoint integration,10,0,7,https://zapier.com/apps/connectwise-manage/integrations/office-365,34
constant contact appexchange,10,0,7,https://zapier.com/apps/constant-contact/integrations/salesforce,28
convert onenote to evernote,30,0,7,https://zapier.com/apps/evernote/integrations/onenote,27
create a digital form,90,22.33,7,https://zapier.com/blog/best-online-form-builder-software/,21
create email service,0,0,7,https://zapier.com/blog/best-email-hosting-services/,20
create online application forms free,40,18.73,7,https://zapier.com/blog/best-online-form-builder-software/,36
create your own online database,10,72.83,7,https://zapier.com/blog/simple-database-app-builders/,31
crm google ads,10,0,7,https://zapier.com/apps/crm-connector/integrations/google-ads,14
crm software free for small business,170,49.48,7,https://zapier.com/blog/best-free-crm/,36
crm software online,320,51.51,7,https://zapier.com/blog/best-free-crm/,19
customer onboarding process flow chart,50,24.28,7,https://zapier.com/blog/client-onboarding-checklist/,38
customer scheduling software,70,35.73,7,https://zapier.com/blog/best-appointment-scheduling-apps/,28
customizable crm,480,64.49,7,https://zapier.com/blog/best-crm-app/,16
customized crm software,210,54.61,7,https://zapier.com/blog/best-crm-app/,23
data automation solutions,10,0,7,https://zapier.com/solutions/data-management,25
database vs spreadsheet comparison table,10,0,7,https://zapier.com/blog/database-vs-spreadsheet/,40
datadog webhooks,140,0,7,https://zapier.com/apps/webhook/integrations/datadog,16
diy invoice,70,12.04,7,https://zapier.com/blog/invoice-template/,11
download free notebook software,10,0,7,https://zapier.com/blog/best-note-taking-apps/,31
dynamodb postgresql,20,0,7,https://zapier.com/apps/dynamodb/integrations/postgresql,19
easy invoice system,10,37.87,7,https://zapier.com/blog/best-free-invoice-software/,19
easy online booking system,10,0,7,https://zapier.com/blog/best-appointment-scheduling-apps/,26
easy schedule app,90,17.56,7,https://zapier.com/blog/best-appointment-scheduling-apps/,17
evernote automation,30,6.07,7,https://zapier.com/apps/evernote/integrations,19
excel and quickbooks,40,9.12,7,https://zapier.com/apps/excel/integrations/quickbooks,20
excel connector salesforce,390,12.34,7,https://zapier.com/apps/excel/integrations/salesforce,26
excel linking worksheets,170,0,7,https://zapier.com/blog/link-spreadsheet-data/,24
export google contacts to google sheets,30,19.27,7,https://zapier.com/apps/google-contacts/integrations/google-sheets,39
export mailchimp template to outlook,10,0,7,https://zapier.com/apps/mailchimp/integrations/microsoft-outlook,36
facebook ads to google sheets free,10,16.67,7,https://zapier.com/apps/facebook-lead-ads/integrations/google-sheets,34
facebook integration,170,5.69,7,https://zapier.com/apps/facebook-pages/integrations,20
facebook lead ads crm integration,20,20.4,7,https://zapier.com/apps/facebook-lead-ads/integrations/crm-connector,33
factorial login,20,0,7,https://zapier.com/apps/factorial/integrations/learnupon,15
fb lead ads,50,13.1,7,https://zapier.com/apps/facebook-lead-ads/integrations/google-sheets,11
form builder online free,390,21.29,7,https://zapier.com/blog/best-online-form-builder-software/,24
forms online free,720,15.75,7,https://zapier.com/blog/best-online-form-builder-software/,17
free appointment book app,1300,16.08,7,https://zapier.com/blog/best-appointment-scheduling-apps/,25
free billing app,110,11.78,7,https://zapier.com/blog/best-free-invoice-software/,16
free call scheduler,20,6.41,7,https://zapier.com/blog/best-meeting-scheduler-apps/,19
free cloud invoicing,10,0,7,https://zapier.com/blog/best-free-invoice-software/,20
free contact database online,20,18.46,7,https://zapier.com/blog/best-free-crm/,28
free crm for small businesses,1000,46.56,7,https://zapier.com/blog/best-free-crm/,29
free crm software south africa,10,0,7,https://zapier.com/blog/best-free-crm/,30
free form generator,90,11.86,7,https://zapier.com/blog/best-online-form-builder-software/,19
free invoice system,110,25.98,7,https://zapier.com/blog/best-free-invoice-software/,19
free invoice systems,110,25.98,7,https://zapier.com/blog/best-free-invoice-software/,20
free invoice tool,70,28.07,7,https://zapier.com/blog/best-free-invoice-software/,17
﻿free invoice tool,50,14.35,7,https://zapier.com/blog/best-free-invoice-software/,18
free invoice tracking software,20,21.87,7,https://zapier.com/blog/best-free-invoice-software/,30
free invoicing and payment software,10,30.12,7,https://zapier.com/blog/best-free-invoice-software/,35
free invoicing software download,390,21.73,7,https://zapier.com/blog/best-free-invoice-software/,32
free invoicing software for small business,390,25.37,7,https://zapier.com/blog/best-free-invoice-software/,42
free invoicing software india,10,0,7,https://zapier.com/blog/best-free-invoice-software/,29
free invoicing website,50,22.22,7,https://zapier.com/blog/best-free-invoice-software/,22
free meeting scheduling software online,10,0,7,https://zapier.com/blog/best-meeting-scheduler-apps/,39
free online bill management,10,0,7,https://zapier.com/blog/best-free-invoice-software/,27
free online billing system,10,0,7,https://zapier.com/blog/best-free-invoice-software/,26
free online form,720,15.75,7,https://zapier.com/blog/best-online-form-builder-software/,16
free online invoice app,30,23.19,7,https://zapier.com/blog/best-free-invoice-software/,23
free online invoice service,10,0,7,https://zapier.com/blog/best-free-invoice-software/,27
free online invoicing service,10,0,7,https://zapier.com/blog/best-free-invoice-software/,29
free online planning tool,10,17.6,7,https://zapier.com/blog/free-project-management-software/,25
free sales lead software,20,19.19,7,https://zapier.com/blog/best-free-crm/,24
free software sales management,70,30.45,7,https://zapier.com/blog/best-free-crm/,30
freecrm login,10,0,7,https://zapier.com/blog/best-free-crm/,13
freshdesk integration with jira,90,31.29,7,https://zapier.com/apps/freshdesk/integrations/jira,31
freshservice webhook,40,115.72,7,https://zapier.com/apps/freshservice/integrations/webhook/7561/add-tickets-to-freshservice-for-new-caught-webhook-payloads,20
github clickup,20,17.22,7,https://zapier.com/apps/clickup/integrations/github,14
gmail filter label,50,0,7,https://zapier.com/blog/gmail-filters/,18
good booking apps,210,8.44,7,https://zapier.com/blog/best-appointment-scheduling-apps/,17
google ads crm,10,0,7,https://zapier.com/apps/crm-connector/integrations/google-ads,14
google ads lead extension,10,0,7,https://zapier.com/blog/what-is-google-ads-lead-form-extension/,25
google ads lead generation form,10,0,7,https://zapier.com/blog/what-is-google-ads-lead-form-extension/,31
google analytics add on for google sheets,20,0,7,https://zapier.com/apps/google-analytics/integrations/google-sheets,41
google analytics for google sheets,10,0,7,https://zapier.com/apps/google-analytics/integrations/google-sheets,34
google analytics to google sheets,30,19.37,7,https://zapier.com/apps/google-analytics/integrations/google-sheets,33
google apps for business database,10,0,7,https://zapier.com/apps/categories/databases,33
google chat webhook example,10,0,7,https://zapier.com/apps/google-chat/integrations/webhook/346197/create-messages-in-google-chat-from-newly-caught-webhooks,27
google drive wordpress integration,10,0,7,https://zapier.com/apps/google-drive/integrations/wordpress,34
google leads form,140,22.85,7,https://zapier.com/blog/what-is-google-ads-lead-form-extension/,17
google sheet sql server,20,16.31,7,https://zapier.com/apps/google-sheets/integrations/sql-server,23
google sheets data from sql server,10,0,7,https://zapier.com/apps/google-sheets/integrations/sql-server,34
google sheets inventory,140,10.13,7,https://zapier.com/blog/manage-inventory-google-forms-sheets/,23
google spreadsheet to mysql database,10,4.23,7,https://zapier.com/apps/google-sheets/integrations/mysql,36
gravity forms smtp,50,0,7,https://zapier.com/apps/gravity-forms/integrations/smtp,18
gravity forms zoho,40,0,7,https://zapier.com/apps/gravity-forms/integrations/zoho-crm,18
gtd trello template,20,0,7,https://zapier.com/blog/how-to-use-trello-with-gtd/,19
hipaa compliant zapier alternative,20,40,7,https://community.zapier.com/how-do-i-3/any-plans-to-support-hipaa-baas-18733,34
how create invoice,4400,17.99,7,https://zapier.com/blog/invoice-template/,18
how to create your own invoice,30,12.41,7,https://zapier.com/blog/invoice-template/,30
how to generate an invoice,260,16.27,7,https://zapier.com/blog/invoice-template/,26
how to make payment invoice,50,26.49,7,https://zapier.com/blog/invoice-template/,27
how to save contacts to gmail,260,0,7,https://zapier.com/blog/how-to-backup-contacts-google/,29
how to save phone contacts to gmail,30,0,7,https://zapier.com/blog/how-to-backup-contacts-google/,35
how to use pipedrive,20,0,7,https://zapier.com/blog/how-to-use-pipedrive/,20
i need to make an invoice,10,26.84,7,https://zapier.com/blog/invoice-template/,25
import calendar to notion,20,0,7,https://zapier.com/blog/integrate-notion-with-google-calendar/,25
import data in google sheets,10,0,7,https://zapier.com/blog/import-data-google-sheets/,28
import from onenote to evernote,10,0,7,https://zapier.com/apps/evernote/integrations/onenote,31
import google sheets to airtable,20,17.67,7,https://zapier.com/apps/airtable/integrations/google-sheets,32
import google sheets to sql server,10,0,7,https://zapier.com/apps/google-sheets/integrations/sql-server,34
integrations,135000,20.71,7,https://zapier.com/,12
integromat google my business,10,0,7,https://zapier.com/apps/google-my-business/integrations,29
internet invoicing,20,8.23,7,https://zapier.com/blog/best-invoicing-software/,18
inventory google sheet,320,12.41,7,https://zapier.com/blog/manage-inventory-google-forms-sheets/,22
inventory google sheets,320,12.41,7,https://zapier.com/blog/manage-inventory-google-forms-sheets/,23
inventory list google sheets,30,4.93,7,https://zapier.com/blog/manage-inventory-google-forms-sheets/,28
inventory spreadsheet google,50,6.51,7,https://zapier.com/blog/manage-inventory-google-forms-sheets/,28
inventory tracker google sheets,170,7.21,7,https://zapier.com/blog/manage-inventory-google-forms-sheets/,31
inventory tracking spreadsheet google sheets,40,5.02,7,https://zapier.com/blog/manage-inventory-google-forms-sheets/,44
invoice and receipt software,30,52,7,https://zapier.com/blog/best-free-invoice-software/,28
invoice app for windows,10,26.72,7,https://zapier.com/blog/best-free-invoice-software/,23
invoice billing software for pc,10,0,7,https://zapier.com/blog/best-free-invoice-software/,31
invoice creating software,210,40,7,https://zapier.com/blog/best-free-invoice-software/,25
invoice management software free,20,10.65,7,https://zapier.com/blog/best-free-invoice-software/,32
invoice software for windows,30,35,7,https://zapier.com/blog/best-free-invoice-software/,28
invoicing software download,30,36.52,7,https://zapier.com/blog/best-free-invoice-software/,27
invoicing software for windows,30,35,7,https://zapier.com/blog/best-free-invoice-software/,30
invoicing software free download,390,21.73,7,https://zapier.com/blog/best-free-invoice-software/,32
invoicing software freeware,10,21.72,7,https://zapier.com/blog/best-free-invoice-software/,27
jira rss,20,0,7,https://zapier.com/apps/jira/integrations/rss,8
jira wrike,20,18.81,7,https://zapier.com/apps/jira/integrations/wrike,10
jotform google drive,10,4.07,7,https://zapier.com/apps/google-drive/integrations/jotform,20
klaviyo and shopify integration,10,0,7,https://zapier.com/apps/klaviyo/integrations/shopify,31
lead form extension google ads examples,10,0,7,https://zapier.com/blog/what-is-google-ads-lead-form-extension/,39
lead gen ads,140,29.21,7,https://zapier.com/blog/linkedin-lead-gen-form-examples/,12
lead management app,70,62.21,7,https://zapier.com/blog/lead-management-software/,19
leadpages webinar,20,9.01,7,https://zapier.com/apps/leadpages/integrations/gotowebinar,17
leads pipedrive,10,0,7,https://zapier.com/apps/facebook-lead-ads/integrations/pipedrive,15
learndash chat plugin,10,22,7,https://zapier.com/apps/learndash/integrations/google-chat,21
learndash woocommerce integration,20,3.4,7,https://zapier.com/apps/learndash/integrations/woocommerce,33
link jira to google sheets,10,0,7,https://zapier.com/apps/google-sheets/integrations/jira,26
link square and quickbooks,10,6.26,7,https://zapier.com/apps/quickbooks/integrations/square,26
link square to quickbooks online,10,0,7,https://zapier.com/apps/quickbooks/integrations/square,32
linkedin forms,90,363.42,7,https://zapier.com/blog/linkedin-lead-gen-form-examples/,14
linking worksheets in excel,170,0,7,https://zapier.com/blog/link-spreadsheet-data/,27
live schedule app,20,22.43,7,https://zapier.com/blog/best-appointment-scheduling-apps/,17
livechat integrations,90,19.37,7,https://zapier.com/apps/livechat/integrations,21
magento to ebay,30,29.3,7,https://zapier.com/apps/ebay/integrations/magento-v2,15
management systems audit checklist,10,0,7,https://zapier.com/blog/it-audit/,34
marketo to salesforce integration,20,0,7,https://zapier.com/apps/marketo/integrations/salesforce,33
meeting booking software,70,34.53,7,https://zapier.com/blog/best-appointment-scheduling-apps/,24
mobile appointment scheduling software,10,0,7,https://zapier.com/blog/best-appointment-scheduling-apps/,38
mobile crm app free,10,21.02,7,https://zapier.com/blog/best-free-crm/,19
mobile invoicing apps,170,24.76,7,https://zapier.com/blog/best-invoicing-software/,21
note maker,390,2.66,7,https://zapier.com/blog/best-note-taking-apps/,10
note taker website,1000,3.53,7,https://zapier.com/blog/best-note-taking-apps/,18
notebook online app,10,2.25,7,https://zapier.com/blog/best-note-taking-apps/,19
notebook software for pc,10,0,7,https://zapier.com/blog/best-note-taking-apps/,24
notebooks zoho,1900,22.4,7,https://zapier.com/apps/zoho-notebook/integrations,14
notion automation,590,14.24,7,https://zapier.com/blog/what-a-notion-expert-recommends-automating/,17
notion import calendar,10,0,7,https://zapier.com/blog/integrate-notion-with-google-calendar/,22
objects in salesforce,1000,20.34,7,https://zapier.com/blog/salesforce-custom-objects/,21
office 365 automated email,10,0,7,https://zapier.com/blog/automate-microsoft-office-365/,26
office 365 salesforce,70,7.79,7,https://zapier.com/apps/office-365/integrations/salesforce,21
onenote crm integration,10,0,7,https://zapier.com/apps/onenote/integrations/superofficecrm,23
online appointment systems,110,14.49,7,https://zapier.com/blog/best-appointment-scheduling-apps/,26
online bill software,10,0,7,https://zapier.com/blog/best-free-invoice-software/,20
online card scanner,70,2.35,7,https://zapier.com/blog/best-business-card-scanner-software/,19
online customer relationship management system,10,0,7,https://zapier.com/blog/best-crm-app/,46
online customer scheduling software,10,39.58,7,https://zapier.com/blog/best-appointment-scheduling-apps/,35
online database platform,20,49.95,7,https://zapier.com/blog/simple-database-app-builders/,24
online forms with workflow,20,44.23,7,https://zapier.com/blog/best-online-form-builder-software/,26
online free forms,720,15.75,7,https://zapier.com/blog/best-online-form-builder-software/,17
online invoice payment,320,42.65,7,https://zapier.com/blog/best-invoicing-software/,22
online invoicing and payment software,10,0,7,https://zapier.com/blog/best-invoicing-software/,37
online invoicing app,90,39.9,7,https://zapier.com/blog/best-invoicing-software/,20
online lead management software free,10,0,7,https://zapier.com/blog/lead-management-software/,36
online note taking website,20,1.66,7,https://zapier.com/blog/best-note-taking-apps/,26
online payment invoice,320,42.65,7,https://zapier.com/blog/best-invoicing-software/,22
online project tracker,140,63.01,7,https://zapier.com/blog/free-project-management-software/,22
online scheduler multiple users,10,0,7,https://zapier.com/blog/best-appointment-scheduling-apps/,31
online scheduling applications,20,13.25,7,https://zapier.com/blog/best-appointment-scheduling-apps/,30
online scheduling appointment software,10,0,7,https://zapier.com/blog/best-appointment-scheduling-apps/,38
online screen sharing app,10,0,7,https://zapier.com/blog/best-screen-sharing-software/,25
online screen sharing software,10,24.98,7,https://zapier.com/blog/best-screen-sharing-software/,30
online spreadsheet software,30,11.55,7,https://zapier.com/apps/categories/spreadsheets,27
online webinar hosting,20,124.69,7,https://zapier.com/blog/best-webinar-software/,22
online website builder with database,10,4.61,7,https://zapier.com/blog/simple-database-app-builders/,36
orbitz twitter,20,0,7,https://zapier.com/apps/notion/integrations/twitter--orbit,14
patient scheduling apps,40,18.51,7,https://zapier.com/blog/best-appointment-scheduling-apps/,23
pc invoice,10,11.49,7,https://zapier.com/blog/best-free-invoice-software/,10
pc invoice software,30,39.66,7,https://zapier.com/blog/best-free-invoice-software/,19
people hr app,20,19.55,7,https://zapier.com/apps/people-hr/integrations,13
pipedrive tutorials,90,17.8,7,https://zapier.com/apps/pipedrive/help,19
pomodoneapp,110,0,7,https://zapier.com/apps/pomodoneapp/integrations/remember-the-milk,11
produce an invoice,70,16.7,7,https://zapier.com/blog/invoice-template/,18
program to make invoices,20,20.52,7,https://zapier.com/blog/best-free-invoice-software/,24
project planner online free,110,39.27,7,https://zapier.com/blog/free-project-management-software/,27
project software online,50,49.2,7,https://zapier.com/blog/free-project-management-software/,23
project tracking online,140,63.01,7,https://zapier.com/blog/free-project-management-software/,23
quickbooks analytics,40,24.48,7,https://zapier.com/apps/google-analytics/integrations/quickbooks,20
quickbooks and square integration,90,27.67,7,https://zapier.com/apps/quickbooks/integrations/square,33
quickbooks website builder,20,26.59,7,https://zapier.com/apps/blue-form-builder/integrations/quickbooks,26
rainking salesforce integration,0,0,7,https://zapier.com/apps/se-ranking/integrations/salesforce,31
reddit translate,390,0,7,https://zapier.com/apps/reddit/integrations/translate,16
regfox api,10,0,7,https://zapier.com/apps/regfox/integrations/mocean-api,10
resource guru api,10,0,7,https://zapier.com/apps/resource-guru/integrations/smartsheet,17
sales crm online,20,0,7,https://zapier.com/blog/best-free-crm/,16
sales invoice system,10,0,7,https://zapier.com/blog/best-free-invoice-software/,20
salesforce and facebook,10,0,7,https://zapier.com/apps/facebook-lead-ads/integrations/salesforce,23
salesforce and office 365,20,12.87,7,https://zapier.com/apps/office-365/integrations/salesforce,25
salesforce and quickbooks sync,10,0,7,https://zapier.com/apps/quickbooks/integrations/salesforce,30
salesforce aws s3 integration,20,0,7,https://zapier.com/apps/amazon-s3/integrations/salesforce,29
salesforce connect for office,10,0,7,https://zapier.com/apps/office-365/integrations/salesforce,29
salesforce connector for microsoft office 365,20,0,7,https://zapier.com/apps/office-365/integrations/salesforce,45
salesforce egnyte,10,0,7,https://zapier.com/apps/egnyte/integrations/salesforce,17
salesforce excel connector,390,12.34,7,https://zapier.com/apps/excel/integrations/salesforce,26
salesforce integration with facebook pdf,10,0,7,https://zapier.com/apps/salesforce/integrations/pdfco,40
salesforce integration with quickbooks enterprise,10,67.79,7,https://zapier.com/apps/quickbooks/integrations/salesforce,49
salesforce office 365,70,12,7,https://zapier.com/apps/office-365/integrations/salesforce,21
salesforce survey monkey,110,14.86,7,https://zapier.com/apps/salesforce/integrations/surveymonkey,24
salesforce wordpress user integration,10,0,7,https://zapier.com/apps/salesforce/integrations/wordpress,37
scan card,320,3.84,7,https://zapier.com/blog/best-business-card-scanner-software/,9
scanned cards,10,1.45,7,https://zapier.com/blog/best-business-card-scanner-software/,13
scheduling app for appointments,40,17.6,7,https://zapier.com/blog/best-appointment-scheduling-apps/,31
screen sharing conference call,20,5.69,7,https://zapier.com/blog/best-screen-sharing-software/,30
screen sharing meeting,90,14.53,7,https://zapier.com/blog/best-screen-sharing-software/,22
screen sharing video call,110,8.6,7,https://zapier.com/blog/best-screen-sharing-software/,25
service appointment software,10,34.31,7,https://zapier.com/blog/best-appointment-scheduling-apps/,28
share desktop live meeting,10,0,7,https://zapier.com/blog/best-screen-sharing-software/,26
sheets software,30,8.54,7,https://zapier.com/apps/categories/spreadsheets,15
shopify to squarespace,590,21.44,7,https://zapier.com/apps/squarespace/integrations/shopify,22
shopify zoho integration,20,0,7,https://zapier.com/apps/shopify/integrations/zoho-crm,24
simple booking app,10,20.69,7,https://zapier.com/blog/best-appointment-scheduling-apps/,18
simple online booking software,10,0,7,https://zapier.com/blog/best-appointment-scheduling-apps/,30
slack text to speech,20,0,7,https://zapier.com/apps/slack/integrations/speechtrans,20
small crm,20,50.77,7,https://zapier.com/blog/best-crms-for-small-business/,9
sms77 login,10,0,7,https://zapier.com/apps/short-io/integrations/sms77,11
smtp gravity forms,10,0,7,https://zapier.com/apps/gravity-forms/integrations/smtp,18
software for making invoices,140,36.89,7,https://zapier.com/blog/best-free-invoice-software/,28
software for online meetings,390,30.94,7,https://zapier.com/blog/best-video-conferencing-apps/,28
split cell in google sheets,1000,0,7,https://zapier.com/blog/split-text-excel-zapier/,27
spotify microsoft,140,0,7,https://zapier.com/apps/office-365/integrations/spotify,17
spreadsheet collaboration software,10,11.62,7,https://zapier.com/apps/categories/spreadsheets,34
spreadsheet database,320,14.19,7,https://zapier.com/blog/database-vs-spreadsheet/,20
sql quickbooks,40,123.75,7,https://zapier.com/apps/quickbooks/integrations/sql-server,14
square crm integration,10,13.82,7,https://zapier.com/apps/crm-connector/integrations/square,22
square quickbooks integration,390,33.87,7,https://zapier.com/apps/quickbooks/integrations/square,29
stock and order sheets,10,0,7,https://zapier.com/blog/manage-inventory-google-forms-sheets/,22
stripe analytics,70,16.25,7,https://zapier.com/apps/google-analytics/integrations/stripe,16
surveymonkey wufoo,70,12.28,7,https://zapier.com/apps/surveymonkey/integrations/wufoo,18
teaminbox,170,40,7,https://zapier.com/apps/zoho-teaminbox/integrations,9
teams in asana,10,3.11,7,https://zapier.com/apps/asana/integrations/microsoft-teams,14
the best app creator,10,90.96,7,https://zapier.com/apps/categories/app-builder,20
the best booking app,40,15.06,7,https://zapier.com/blog/best-appointment-scheduling-apps/,20
the best online booking system,10,37.83,7,https://zapier.com/blog/best-appointment-scheduling-apps/,30
thinkific documentation,10,0,7,https://zapier.com/apps/honeybook/integrations/thinkific,23
thrivecart squarespace,10,0,7,https://zapier.com/apps/thrivecart/integrations,22
tiktok integration,40,8.85,7,https://zapier.com/apps/tiktok-lead-generation/integrations,18
time tracking and reporting,10,0,7,https://zapier.com/blog/best-time-tracking-apps/,27
to make an invoice,10,0,7,https://zapier.com/blog/invoice-template/,18
top booking apps,50,15.04,7,https://zapier.com/blog/best-appointment-scheduling-apps/,16
top scheduling apps,90,17.26,7,https://zapier.com/apps/categories/scheduling,19
tracking offline conversions facebook,10,0,7,https://zapier.com/blog/facebook-offline-conversions/,37
transfer onenote to evernote,20,0,7,https://zapier.com/apps/evernote/integrations/onenote,28
trello add list,20,0,7,https://zapier.com/blog/trello-tutorial/,15
trello erp,10,0,7,https://zapier.com/apps/openerp/integrations/trello,10
trello jira sync,20,7.2,7,https://zapier.com/apps/jira-software/integrations/trello,16
type form wordpress,90,14.77,7,https://zapier.com/apps/typeform/integrations/wordpress,19
typeform integration wordpress,10,0,7,https://zapier.com/apps/typeform/integrations/wordpress,30
typeform wordpress,90,14.77,7,https://zapier.com/apps/typeform/integrations/wordpress,18
typeform wordpress integration,10,0,7,https://zapier.com/apps/typeform/integrations/wordpress,30
video call and screen sharing,10,11.66,7,https://zapier.com/blog/best-screen-sharing-software/,29
video conference share screen,50,22.14,7,https://zapier.com/blog/best-screen-sharing-software/,29
video conference with screen sharing,40,53.38,7,https://zapier.com/blog/best-screen-sharing-software/,36
video screen share,170,10.56,7,https://zapier.com/blog/best-screen-sharing-software/,18
video screen sharing,170,10.56,7,https://zapier.com/blog/best-screen-sharing-software/,20
virtual buttons,90,0,7,https://zapier.com/apps/virtual-buttons/integrations,15
web based appointment booking system,10,10.7,7,https://zapier.com/blog/best-appointment-scheduling-apps/,36
web based appointment scheduling,20,22.19,7,https://zapier.com/blog/best-appointment-scheduling-apps/,32
web based crm for small business,10,84.64,7,https://zapier.com/blog/best-crms-for-small-business/,32
web based invoice,10,0,7,https://zapier.com/blog/best-free-invoice-software/,17
web based invoicing,10,0,7,https://zapier.com/blog/best-free-invoice-software/,19
web invoicing,50,35.09,7,https://zapier.com/blog/best-invoicing-software/,13
webflow crm integration,10,0,7,https://zapier.com/apps/webflow/integrations/zoho-crm,23
webhook marketo,110,0,7,https://zapier.com/apps/marketo/integrations/webhook,15
webhooks api example,20,3.8,7,https://zapier.com/blog/what-are-webhooks/,20
website appointment software,10,0,7,https://zapier.com/blog/best-appointment-scheduling-apps/,28
website creator app,480,16.78,7,https://zapier.com/blog/best-website-builders/,19
website scheduling software,30,40.71,7,https://zapier.com/blog/best-appointment-scheduling-apps/,27
websites to book appointments,90,28.99,7,https://zapier.com/blog/best-appointment-scheduling-apps/,29
what is a crm application,170,8.01,7,https://zapier.com/blog/what-is-a-crm/,25
what is crm application,170,8.01,7,https://zapier.com/blog/what-is-a-crm/,23
what is google doc format,10,0,7,https://zapier.com/blog/google-docs-formatting-tips/,25
what to automate,20,0,7,https://zapier.com/l/what-to-automate,16
whatsapp outlook integration,10,0,7,https://zapier.com/apps/microsoft-outlook/integrations/tellephant,28
wix integration,260,12.66,7,https://zapier.com/apps/wix-automations/integrations,15
woocommerce zoho plugin,10,0,7,https://zapier.com/apps/woocommerce/integrations/zoho-crm,23
wordpress google sheet,30,4.57,7,https://zapier.com/apps/google-sheets/integrations/wordpress,22
wordpress postgresql,140,25.89,7,https://zapier.com/apps/postgresql/integrations/wordpress,20
work crm,20,46.96,7,https://zapier.com/blog/best-crm-app/,8
workflow integration software,10,0,7,https://zapier.com/,29
wrike crm integration,10,35.42,7,https://zapier.com/apps/agile-crm/integrations/wrike,21
wrike integration with jira,110,25.5,7,https://zapier.com/apps/jira/integrations/wrike,27
wrike jira integration,110,25.5,7,https://zapier.com/apps/jira/integrations/wrike,22
wufoo surveymonkey,70,12.28,7,https://zapier.com/apps/surveymonkey/integrations/wufoo,18
ynab intuit,10,0,7,https://zapier.com/apps/you-need-a-budget/integrations,11
zoho asana integration,20,0,7,https://zapier.com/apps/asana/integrations/zoho-crm,22
zoho books crm integration,10,16.16,7,https://zapier.com/apps/zoho-books/integrations/zoho-crm,26
zoho creator calendar,10,0,7,https://zapier.com/apps/google-calendar/integrations/zoho-creator,21
zoho crm erp,10,0,7,https://zapier.com/apps/bind-erp/integrations/zoho-crm,12
zoho crm facebook,10,0,7,https://zapier.com/apps/facebook-lead-ads/integrations/zoho-crm,17
zoho crm gmail,10,0,7,https://zapier.com/apps/sortd/integrations/zoho-crm,14
zoho crm gmail integration,40,26.13,7,https://zapier.com/apps/gmail/integrations/zoho-crm,26
zoho crm google adwords integration,10,0,7,https://zapier.com/apps/google-ads/integrations/zoho-crm,35
zoho crm linkedin,20,0,7,https://zapier.com/apps/zoho-crm/integrations/linkedin,17
zoho crm system,20,77.95,7,https://zapier.com/blog/best-free-crm/,15
zoho crm vs,10,0,7,https://zapier.com/blog/hubspot-vs-zoho/,11
zoho forms,6600,20.73,7,https://zapier.com/apps/zoho-forms/integrations,10
zoho forms webhooks,10,0,7,https://zapier.com/apps/zoho-forms/integrations/webhook,19
zoho freshdesk,10,0,7,https://zapier.com/apps/freshdesk/integrations/zoho-crm,14
zoho gmail integration,70,17.91,7,https://zapier.com/apps/gmail/integrations/zoho-mail,22
zoho gravity forms,40,0,7,https://zapier.com/apps/gravity-forms/integrations/zoho-crm,18
zoho integration with jira,10,0,7,https://zapier.com/apps/jira/integrations/zoho-crm,26
zoho jira integration,40,28.29,7,https://zapier.com/apps/jira/integrations/zoho-crm,21
zoho linkedin plugin,10,0,7,https://zapier.com/apps/zoho-crm/integrations/linkedin,20
zoho mail gmail app,10,0,7,https://zapier.com/apps/gmail/integrations/zoho-mail,19
zoho onedrive,10,0,7,https://zapier.com/apps/onedrive/integrations/zoho-crm,13
zoho subscriptions integrations,20,0,7,https://zapier.com/apps/zoho-subscriptions/integrations,31
zoho tools,50,25.02,7,https://zapier.com/apps/categories/zoho,10
zoho zendesk,40,59.75,7,https://zapier.com/apps/zendesk/integrations/zoho-crm,12
zoho zoom integration,30,23.44,7,https://zapier.com/apps/zoho-mail/integrations/zoom,21
actions for jira service desk,10,0,8,https://zapier.com/apps/jira/integrations/jira-service-desk,29
add google analytics to facebook page,20,0,8,https://zapier.com/apps/facebook-pages/integrations/google-analytics,37
adwords import csv,10,0,8,https://zapier.com/apps/easycsv/integrations/google-ads,18
agile crm api,20,0,8,https://zapier.com/apps/agile-crm/integrations/vonage-sms-api,13
agile crm app,10,0,8,https://zapier.com/apps/dialpad/integrations/agile-crm,13
airtable connect bases,20,25.28,8,https://zapier.com/apps/airtable/integrations/airtable/12917/add-new-airtable-records-to-a-second-airtable-base,22
airtable email integration,50,14.37,8,https://zapier.com/apps/airtable/integrations/email,26
alchemer webhook,10,0,8,https://zapier.com/apps/code/integrations/surveygizmo--webhook,16
any.do vs wunderlist,10,0,8,https://zapier.com/blog/best-todo-list-apps/,20
app creator software,590,24.15,8,https://zapier.com/apps/categories/app-builder,20
app for appointments,1300,14.27,8,https://zapier.com/blog/best-appointment-scheduling-apps/,20
app making websites,480,15.08,8,https://zapier.com/apps/categories/cms,19
application builders,170,20.97,8,https://zapier.com/blog/best-no-code-app-builder/,20
appointment apps for android,50,8.93,8,https://zapier.com/blog/best-appointment-scheduling-apps/,28
appointment booking software for website,10,0,8,https://zapier.com/blog/best-appointment-scheduling-apps/,40
appointment scheduling program,70,21.44,8,https://zapier.com/blog/best-appointment-scheduling-apps/,30
apps for cliq,10,0,8,https://zapier.com/apps/zoho-cliq/integrations,13
apps to schedule appointments,1600,20,8,https://zapier.com/blog/best-appointment-scheduling-apps/,29
asana extension,70,16.74,8,https://zapier.com/apps/asana/integrations/zapier-chrome-extension,15
asana extension for chrome,320,33.34,8,https://zapier.com/apps/asana/integrations/zapier-chrome-extension,26
asana extensions,70,16.74,8,https://zapier.com/apps/asana/integrations/zapier-chrome-extension,16
asana kanban,320,22.87,8,https://zapier.com/apps/asana/integrations/kanbantool,12
asana recurring tasks on calendar,30,0,8,https://zapier.com/blog/asana-recurring-tasks/,33
asana sharepoint integration,20,0,8,https://zapier.com/apps/asana/integrations/office-365,28
asana task,390,19.65,8,https://zapier.com/blog/hidden-asana-features/,10
automate workflow software,880,32.68,8,https://zapier.com/,26
automated ppc,70,25.74,8,https://zapier.com/blog/improve-ppc-campaigns/,13
automation in companies,6600,14.84,8,https://zapier.com/,23
backup evernote to google drive,10,0,8,https://zapier.com/apps/evernote/integrations/google-drive/1176/save-new-evernote-notes-to-google-drive,31
bamboohr adp integration,40,55.33,8,https://community.zapier.com/hire-a-pro-12/bamboo-hr-adp-workforce-now-13422,24
bamboohr webhooks,40,44.28,8,https://zapier.com/apps/bamboohr/integrations/webhook,17
basecamp 3 sign up,20,19.15,8,https://zapier.com/apps/basecamp3/integrations/tick,18
basecamp classic,110,8.41,8,https://help.zapier.com/hc/en-us/articles/8495948858125-Basecamp-3-vs-Basecamp-2-vs-Basecamp-Classic,16
best appointment scheduling software,210,31.79,8,https://zapier.com/blog/best-appointment-scheduling-apps/,36
best appointment software,20,19.8,8,https://zapier.com/blog/best-appointment-scheduling-apps/,25
best booking system,20,22.67,8,https://zapier.com/blog/best-appointment-scheduling-apps/,19
best free appointment software,10,0,8,https://zapier.com/blog/best-appointment-scheduling-apps/,30
best free billing software,20,52.74,8,https://zapier.com/blog/best-free-invoice-software/,26
best free invoicing software for small business,30,32.66,8,https://zapier.com/blog/best-free-invoice-software/,47
best invoice generator software,10,2.28,8,https://zapier.com/blog/best-free-invoice-software/,31
best online booking app,30,23.67,8,https://zapier.com/blog/best-appointment-scheduling-apps/,23
best online booking service,10,28.49,8,https://zapier.com/blog/best-appointment-scheduling-apps/,27
best online scheduling,90,16.89,8,https://zapier.com/blog/best-appointment-scheduling-apps/,22
best project tracking tool,50,42.62,8,https://zapier.com/blog/free-project-management-software/,26
best website for booking appointments,40,48.01,8,https://zapier.com/blog/best-appointment-scheduling-apps/,37
bigcommerce crm integration,10,0,8,https://zapier.com/apps/bigcommerce/integrations/zoho-crm,27
bill creating app,10,0,8,https://zapier.com/blog/best-free-invoice-software/,17
billing system software free download,10,0,8,https://zapier.com/blog/best-free-invoice-software/,37
billing websites,50,29.9,8,https://zapier.com/blog/best-free-invoice-software/,16
bitrix24 webhooks,10,0.53,8,https://zapier.com/apps/bitrix24-crm-new/integrations/webhook,17
bizzabo api,40,0,8,https://zapier.com/apps/bizzabo/integrations/linkedin,11
booking system app,30,21.86,8,https://zapier.com/blog/best-appointment-scheduling-apps/,18
booking system software,40,0,8,https://zapier.com/blog/best-appointment-scheduling-apps/,23
booking tool,140,20,8,https://zapier.com/blog/best-appointment-scheduling-apps/,12
booking tools,140,20,8,https://zapier.com/blog/best-appointment-scheduling-apps/,13
box and salesforce integration,20,0,8,https://zapier.com/apps/box/integrations/salesforce,30
box com salesforce integration,10,0,8,https://zapier.com/apps/box/integrations/salesforce,30
box docs,10,0,8,https://zapier.com/apps/box/integrations/google-docs,8
box integration salesforce,210,16.06,8,https://zapier.com/apps/box/integrations/salesforce,26
box integration with salesforce,210,16.06,8,https://zapier.com/apps/box/integrations/salesforce,31
build an app without code,590,19.8,8,https://zapier.com/blog/best-no-code-app-builder/,25
business email sites,30,71.29,8,https://zapier.com/blog/best-email-hosting-services/,20
business integrations facebook,70,15.32,8,https://zapier.com/apps/facebook-pages/integrations/google-my-business,30
business invoice software free,30,26.02,8,https://zapier.com/blog/best-free-invoice-software/,30
business invoicing software free,30,26.02,8,https://zapier.com/blog/best-free-invoice-software/,32
business project management tools,10,0,8,https://zapier.com/blog/best-project-management-software-small-business/,33
calendar for business,1600,10.94,8,https://zapier.com/blog/best-calendar-apps/,21
call center onboarding checklist,10,73.66,8,https://zapier.com/blog/client-onboarding-checklist/,32
campaign monitor log in,1000,6,8,https://zapier.com/apps/campaign-monitor/integrations,23
cisco spark office 365 integration,10,0,8,https://zapier.com/apps/cisco-webex-meetings/integrations/office-365,34
clearbit salesforce,30,36.36,8,https://zapier.com/apps/clearbit/integrations/typeform--salesforce,19
clickfunnels api,50,9.19,8,https://zapier.com/apps/samcart/integrations/clickfunnels,16
clickup chat,140,22.6,8,https://zapier.com/apps/clickup/integrations/rocketchat,12
clickup figma,10,0,8,https://zapier.com/apps/clickup/integrations,13
cloud cart connector,40,0,8,https://zapier.com/apps/cloudcart/integrations/wordpress,20
conditional formatting custom formula,170,0,8,https://zapier.com/blog/conditional-formatting-google-sheets/,37
confluence servicenow integration,20,0,8,https://zapier.com/apps/confluence-cloud/integrations/servicenow,33
connect excel to google sheets,50,4.47,8,https://zapier.com/apps/excel/integrations/google-sheets,30
connect excel to quickbooks database,10,13.51,8,https://zapier.com/apps/excel/integrations/quickbooks,36
connect jira to trello,10,4.03,8,https://zapier.com/apps/jira/integrations/trello,22
connect trello to jira,10,0,8,https://zapier.com/apps/jira/integrations/trello,22
connect zoho to shopify,10,2.75,8,https://zapier.com/apps/shopify/integrations/zoho-crm,23
copy board in trello,10,0,8,https://zapier.com/apps/trello/integrations/trello/849/copy-new-or-moved-trello-cards-from-one-board-or-list-to-another-board-or-list,20
create a billing invoice,20,24.55,8,https://zapier.com/blog/invoice-template/,24
create an app without coding,260,18.04,8,https://zapier.com/blog/best-no-code-app-builder/,28
create an online form free,590,17.98,8,https://zapier.com/blog/best-online-form-builder-software/,26
create free online forms,590,17.98,8,https://zapier.com/blog/best-online-form-builder-software/,24
create online excel sheet,20,5.95,8,https://zapier.com/blog/excel-online-guide/,25
create secure online forms,10,37.55,8,https://zapier.com/blog/best-online-form-builder-software/,26
create website form,90,21.97,8,https://zapier.com/blog/best-online-form-builder-software/,19
create your own database,90,14.78,8,https://zapier.com/blog/simple-database-app-builders/,24
crm exchange,20,0.69,8,https://zapier.com/apps/maximizer/integrations/microsoft-exchange,12
crm for smb,110,39.94,8,https://zapier.com/blog/best-crms-for-small-business/,11
crm for sme,30,63.47,8,https://zapier.com/blog/best-crms-for-small-business/,11
crm free software small businesses,170,49.48,8,https://zapier.com/blog/best-free-crm/,34
crm guide,50,23.09,8,https://zapier.com/blog/what-is-a-crm/,9
crm sales app,30,57.27,8,https://zapier.com/apps/categories/sales-crm,13
crm services company,30,65.24,8,https://zapier.com/blog/best-crms-for-small-business/,20
crm software application,90,50.13,8,https://zapier.com/blog/best-crm-app/,24
crm software for small business in india,10,0,8,https://zapier.com/blog/best-crms-for-small-business/,40
crm software website,10,67.09,8,https://zapier.com/blog/best-free-crm/,20
crm website software,10,67.09,8,https://zapier.com/blog/best-crm-app/,20
crm work,50,34.85,8,https://zapier.com/blog/what-is-a-crm/,8
customer data collection software,10,56.1,8,https://zapier.com/blog/best-data-collection-apps/,33
customize crm software,210,54.61,8,https://zapier.com/blog/best-crm-app/,22
database and spreadsheet,70,5.93,8,https://zapier.com/blog/database-vs-spreadsheet/,24
database builder free,30,9.05,8,https://zapier.com/blog/simple-database-app-builders/,21
database creators,1900,15.4,8,https://zapier.com/blog/simple-database-app-builders/,17
database spreadsheet,320,14.19,8,https://zapier.com/blog/database-vs-spreadsheet/,20
deputy timesheets login,10,0,8,https://zapier.com/apps/deputy/integrations/epos-now,23
develop app without coding,50,26.18,8,https://zapier.com/blog/best-no-code-app-builder/,26
difference between table and spreadsheet,10,0,8,https://zapier.com/blog/google-tables-vs-google-sheets/,40
download notebook for mac,10,0,8,https://zapier.com/blog/best-note-taking-app-for-mac/,25
dynamics 365 on aws,10,0,8,https://zapier.com/apps/aws-lambda/integrations/microsoft-dynamics-crm,19
easy appointment scheduling software,10,0,8,https://zapier.com/blog/best-appointment-scheduling-apps/,36
easy crm for small business,70,80.74,8,https://zapier.com/blog/best-crms-for-small-business/,27
easy software builder,10,0,8,https://zapier.com/blog/best-no-code-app-builder/,21
easy to use database program,10,18.03,8,https://zapier.com/blog/simple-database-app-builders/,28
easy to use database programs,10,18.03,8,https://zapier.com/blog/simple-database-app-builders/,29
email hosting with own domain,10,0,8,https://zapier.com/blog/best-email-hosting-services/,29
emailing receipts to expensify,110,250,8,https://zapier.com/apps/email/integrations/expensify/13244/add-new-expensify-expenses-from-your-email,30
estreamdesk,20,0,8,https://zapier.com/zapbook/estreamdesk/,11
eventbrite bot,50,0,8,https://zapier.com/apps/discord/integrations/eventbrite,14
evernote workflow,30,13.38,8,https://zapier.com/apps/evernote/integrations,17
excel link worksheets,170,0,8,https://zapier.com/blog/link-spreadsheet-data/,21
export gmail to google sheets,20,19.1,8,https://zapier.com/apps/gmail/integrations/google-sheets,29
export trello cards to google sheets,10,0,8,https://zapier.com/apps/google-sheets/integrations/trello,36
export xero to excel,10,0,8,https://zapier.com/apps/excel/integrations/xero,20
facebook ads spreadsheet,10,0,8,https://zapier.com/apps/facebook-lead-ads/integrations/google-sheets,24
facebook connect magento,10,0,8,https://zapier.com/apps/facebook-pages/integrations/magento-v2,24
facebook crm integrations,70,26.35,8,https://zapier.com/apps/facebook-lead-ads/integrations/crm-connector,25
facebook integrations,170,5.69,8,https://zapier.com/apps/facebook-pages/integrations,21
facebook lead ads crm,20,0,8,https://zapier.com/apps/facebook-lead-ads/integrations/crm-connector,21
facebook offline conversions,170,13.56,8,https://zapier.com/apps/clickfunnels/integrations/facebook-offline-conversions,28
facebook translate,590,2,8,https://zapier.com/apps/facebook-messenger/integrations/translate,18
firebase sql database,260,21.24,8,https://zapier.com/apps/firebase/integrations/sql-server,21
firebase webhooks,50,0,8,https://zapier.com/apps/webhook/integrations/firebase--schedule,17
for invoicing,20,16.61,8,https://zapier.com/blog/best-invoicing-software/,13
form maker online free,70,12.61,8,https://zapier.com/blog/best-online-form-builder-software/,22
free appointment planner,10,0,8,https://zapier.com/blog/best-appointment-scheduling-apps/,24
free billing invoicing,40,17.79,8,https://zapier.com/blog/best-free-invoice-software/,22
free billing program,20,7.13,8,https://zapier.com/blog/best-free-invoice-software/,20
free billing software,320,25,8,https://zapier.com/blog/best-free-invoice-software/,21
free billing system,20,8.38,8,https://zapier.com/blog/best-free-invoice-software/,19
free business invoice software download,10,14.69,8,https://zapier.com/blog/best-free-invoice-software/,39
free calendar scheduling app,170,12.08,8,https://zapier.com/blog/best-calendar-apps/,28
free calendar scheduling apps,170,12.08,8,https://zapier.com/blog/best-appointment-scheduling-apps/,29
free cloud project management,10,0,8,https://zapier.com/blog/free-project-management-software/,29
free create forms online,590,17.98,8,https://zapier.com/blog/best-online-form-builder-software/,24
free email packages,10,0,8,https://zapier.com/blog/best-email-hosting-services/,19
free form creator online,590,17.98,8,https://zapier.com/blog/best-online-form-builder-software/,24
free form maker,390,15.67,8,https://zapier.com/blog/best-online-form-builder-software/,15
free invoice application,20,12.37,8,https://zapier.com/blog/best-free-invoice-software/,24
free invoice billing software,10,13.81,8,https://zapier.com/blog/best-free-invoice-software/,29
free invoice for mac,30,21.81,8,https://zapier.com/blog/best-free-invoice-software/,20
free invoice maker for pc,10,12.13,8,https://zapier.com/blog/best-free-invoice-software/,25
free invoicing app for mac,10,9.69,8,https://zapier.com/blog/best-free-invoice-software/,26
free invoicing app for small business,90,27.89,8,https://zapier.com/blog/best-free-invoice-software/,37
free online form generator,20,10.69,8,https://zapier.com/blog/best-online-form-builder-software/,26
free online invoicing app,30,23.19,8,https://zapier.com/blog/best-free-invoice-software/,25
free project management tool online,320,51.3,8,https://zapier.com/blog/free-project-management-software/,35
free scheduling app,4400,16.85,8,https://zapier.com/blog/best-appointment-scheduling-apps/,19
free small business invoicing software,390,25.37,8,https://zapier.com/blog/best-free-invoice-software/,38
free web scheduler,10,20.22,8,https://zapier.com/blog/best-appointment-scheduling-apps/,18
freshdesk whatsapp integration,10,38.4,8,https://zapier.com/apps/freshdesk/integrations/superchat/1129389/send-whatsapp-messages-via-superchat-for-new-freshdesk-tickets,30
frontapp webhooks,10,0,8,https://zapier.com/apps/front-app/integrations/webhook/60513/send-front-messages-when-new-webhooks-are-received,17
github confluence integration,20,0,8,https://zapier.com/apps/confluence/integrations/github,29
github mailgun,20,13.75,8,https://zapier.com/apps/github/integrations/mailgun,14
gmail calendars,27100,1.48,8,https://zapier.com/blog/combine-gmail-accounts/,15
gmail com email inbox,20,0.62,8,https://zapier.com/blog/gmail-filters/,21
gmail workflow,40,16.42,8,https://zapier.com/blog/automate-gmail-with-zapier/,14
good scheduling app,170,7.44,8,https://zapier.com/blog/best-appointment-scheduling-apps/,19
google ads excel,10,0,8,https://zapier.com/apps/excel/integrations/google-ads,16
google chat webhook,140,4.36,8,https://zapier.com/apps/google-chat/integrations/webhook/346197/create-messages-in-google-chat-from-newly-caught-webhooks,19
google docs automation,50,12.42,8,https://zapier.com/blog/create-autopopulate-google-docs-template/,22
google drive to wordpress,70,3.07,8,https://zapier.com/apps/google-drive/integrations/wordpress,25
google form paypal integration,30,6.02,8,https://zapier.com/blog/best-form-apps-payments/,30
google forms paypal,50,2.56,8,https://zapier.com/apps/paypal/integrations/gmail--google-forms,19
google lead form examples,30,15,8,https://zapier.com/blog/what-is-google-ads-lead-form-extension/,25
google lead form extension example,30,0,8,https://zapier.com/blog/what-is-google-ads-lead-form-extension/,34
google sheet inventory template,2400,3.57,8,https://zapier.com/blog/manage-inventory-google-forms-sheets/,31
google sheet online excel,10,0,8,https://zapier.com/blog/google-sheets-tutorial/,25
google translate for discord,30,1.52,8,https://zapier.com/apps/discord/integrations/translate,28
google webhook,50,0,8,https://zapier.com/apps/google-sheets/integrations/webhook,14
halo google docs,10,0,8,https://zapier.com/apps/halosecurity/integrations/google-drive,16
harvest time tracking asana,30,29.38,8,https://zapier.com/apps/asana/integrations/harvest,27
hellosign automation,30,0,8,https://zapier.com/apps/wix-automations/integrations/hellosign,20
helpscout whatsapp,10,0,8,https://zapier.com/apps/help-scout/integrations,18
how to implement an api,50,8.1,8,https://zapier.com/learn/apis/chapter-8-implementation/,23
hubspot crm alternative,30,41.69,8,https://zapier.com/blog/hubspot-alternatives/,23
hubspot zoho,30,40.45,8,https://zapier.com/apps/hubspot/integrations/zoho-crm,12
hunter outlook,170,0,8,https://zapier.com/apps/hunter/integrations/microsoft-outlook,14
import contacts from google sheets,20,6.32,8,https://zapier.com/apps/google-contacts/integrations/google-sheets,34
import google contacts from google sheets,10,0,8,https://zapier.com/apps/google-contacts/integrations/google-sheets,41
import in google sheets,20,0,8,https://zapier.com/blog/import-data-google-sheets/,23
inbox vs gmail app,10,0,8,https://zapier.com/blog/gmail-vs-apple-mail/,18
insightly email integration,10,0,8,https://zapier.com/apps/email/integrations/insightly,27
instant screen sharing,30,20.54,8,https://zapier.com/blog/best-screen-sharing-software/,22
integrate jira with trello,10,0,8,https://zapier.com/apps/jira/integrations/trello,26
integrated apps,720,20.2,8,https://zapier.com/apps,15
internet lead management software,10,0,8,https://zapier.com/blog/lead-management-software/,33
inventory sheet google sheets,30,4.92,8,https://zapier.com/blog/manage-inventory-google-forms-sheets/,29
inventory spreadsheet google sheets,320,3.14,8,https://zapier.com/blog/manage-inventory-google-forms-sheets/,35
invoice app for pc,10,0,8,https://zapier.com/blog/best-free-invoice-software/,18
invoice application,110,34.04,8,https://zapier.com/blog/best-invoicing-software/,19
invoice application for windows,10,0,8,https://zapier.com/blog/best-free-invoice-software/,31
invoice billing software free,10,13.81,8,https://zapier.com/blog/best-free-invoice-software/,29
invoice creation software,210,40,8,https://zapier.com/blog/best-free-invoice-software/,25
invoice only software,10,0,8,https://zapier.com/blog/best-free-invoice-software/,21
invoice site,20,43.45,8,https://zapier.com/blog/best-free-invoice-software/,12
invoice software for windows 10,20,13.53,8,https://zapier.com/blog/best-free-invoice-software/,31
invoice websites,320,28.86,8,https://zapier.com/blog/best-free-invoice-software/,16
invoices app for computer,10,20.54,8,https://zapier.com/blog/best-free-invoice-software/,25
invoicing free,8100,15.15,8,https://zapier.com/blog/best-free-invoice-software/,14
invoicing mobile app,170,24.76,8,https://zapier.com/blog/best-invoicing-software/,20
invoicing tool,210,29.73,8,https://zapier.com/blog/best-free-invoice-software/,14
is quickbooks part of microsoft office,30,0,8,https://zapier.com/apps/office-365/integrations/quickbooks,38
jira and trello integration,70,20.33,8,https://zapier.com/apps/jira/integrations/trello,27
jira bamboo integration,40,11.83,8,https://zapier.com/apps/bamboohr/integrations/jira,23
jira discord webhook,10,0,8,https://zapier.com/apps/discord/integrations/jira,20
jira server for microsoft teams,10,0,8,https://zapier.com/apps/jira/integrations/microsoft-teams,31
jira server microsoft teams,10,0,8,https://zapier.com/apps/jira/integrations/microsoft-teams,27